{
  "69": [
    0.45600003004074097, 
    0.7230000495910645
  ], 
  "73": [
    0.13499999046325684, 
    0.7230000495910645
  ], 
  "76": [
    0.4234999418258667, 
    0.7230000495910645
  ], 
  "80": [
    0.5159997940063477, 
    0.7230000495910645
  ], 
  "83": [
    0.4890000820159912, 
    0.7389999628067017
  ], 
  "88": [
    0.6665000319480896, 
    0.7230000495910645
  ]
}